-- phpMyAdmin SQL Dump
-- version 4.7.0
-- https://www.phpmyadmin.net/
--
-- Host: 127.0.0.1
-- Generation Time: Nov 29, 2022 at 02:57 AM
-- Server version: 10.1.25-MariaDB
-- PHP Version: 5.6.31

SET SQL_MODE = "NO_AUTO_VALUE_ON_ZERO";
SET AUTOCOMMIT = 0;
START TRANSACTION;
SET time_zone = "+00:00";


/*!40101 SET @OLD_CHARACTER_SET_CLIENT=@@CHARACTER_SET_CLIENT */;
/*!40101 SET @OLD_CHARACTER_SET_RESULTS=@@CHARACTER_SET_RESULTS */;
/*!40101 SET @OLD_COLLATION_CONNECTION=@@COLLATION_CONNECTION */;
/*!40101 SET NAMES utf8mb4 */;

--
-- Database: `ujiancbt`
--

-- --------------------------------------------------------

--
-- Table structure for table `cbt_jawaban`
--

CREATE TABLE `cbt_jawaban` (
  `jawaban_id` bigint(20) UNSIGNED NOT NULL,
  `jawaban_soal_id` bigint(20) UNSIGNED NOT NULL,
  `jawaban_detail` text COLLATE utf8_unicode_ci NOT NULL,
  `jawaban_benar` tinyint(1) NOT NULL DEFAULT '0',
  `jawaban_aktif` tinyint(1) NOT NULL DEFAULT '0'
) ENGINE=InnoDB DEFAULT CHARSET=utf8 COLLATE=utf8_unicode_ci;

--
-- Dumping data for table `cbt_jawaban`
--

INSERT INTO `cbt_jawaban` (`jawaban_id`, `jawaban_soal_id`, `jawaban_detail`, `jawaban_benar`, `jawaban_aktif`) VALUES
(186, 57, '<p>1 Syawal</p>\r\n', 1, 1),
(187, 57, '<p>1 Agustus</p>', 0, 1),
(188, 57, '<p>1 Januari</p>', 0, 1),
(189, 57, '<p>1 Desember</p>', 0, 1),
(190, 57, '<p>14 Februari</p>', 0, 1),
(191, 56, '<p>Nazril Irham</p>', 1, 1),
(192, 56, '<p>Joko Susilo</p>', 0, 1),
(193, 56, '<p>Wahyu Saputra</p>\r\n', 0, 1),
(194, 56, '<p>Aril Piterpen</p>', 0, 1),
(195, 56, 'Joko Wow', 0, 1),
(196, 55, '<p>Soekarno</p>', 1, 1),
(197, 55, '<p>Soeharto</p>\r\n', 0, 1),
(198, 55, '<p>Susilo Bambang Yudhoyono</p>\r\n', 0, 1),
(199, 55, '<p>BJ. Habibie</p>\r\n', 0, 1),
(200, 55, '<p>Joko Widodo</p>\r\n', 0, 1),
(201, 54, '<p>Sun East Mall</p>', 1, 1),
(202, 54, '<p>Matahari</p>', 0, 1),
(203, 54, '<p>Bulan</p>', 0, 1),
(204, 54, '<p>Tanah Abang</p>', 0, 1),
(205, 54, '<p>Tanah Lempong</p>', 0, 1),
(206, 53, '<p>Sekolah Menengah Kejuruan</p>', 1, 1),
(207, 53, '<p>Sekolah Menengah Kejujuran</p>', 0, 1),
(208, 53, '<p>Sekolah Maju Sendiri</p>', 0, 1),
(209, 53, '<p>Sekolah Mak Ku</p>', 0, 1),
(210, 53, '<p>Sekolah Memilih Kekasih</p>', 0, 1),
(211, 64, 'Akhirnya aku menemukanmu', 1, 1),
(212, 64, 'Akhir dirimu', 0, 1),
(213, 64, 'Susahnya jadi dia', 0, 1),
(214, 64, 'Jones', 0, 1),
(215, 64, 'Josan - Jomblo Pas Pasan', 0, 1),
(621, 161, '<p>Aksi bela Jomblo</p>\r\n', 1, 1),
(622, 161, '<p>Aksi bela cewek</p>\r\n', 0, 1),
(623, 161, '<p>14 Februari</p>\r\n', 0, 1),
(624, 161, '<p>Hari Valentine</p>\r\n', 0, 1),
(625, 161, '<p>Turun ke jalan</p>\r\n', 0, 1);

-- --------------------------------------------------------

--
-- Table structure for table `cbt_konfigurasi`
--

CREATE TABLE `cbt_konfigurasi` (
  `konfigurasi_id` int(11) NOT NULL,
  `konfigurasi_kode` varchar(50) NOT NULL,
  `konfigurasi_isi` varchar(500) NOT NULL,
  `konfigurasi_keterangan` varchar(100) NOT NULL
) ENGINE=InnoDB DEFAULT CHARSET=latin1;

--
-- Dumping data for table `cbt_konfigurasi`
--

INSERT INTO `cbt_konfigurasi` (`konfigurasi_id`, `konfigurasi_kode`, `konfigurasi_isi`, `konfigurasi_keterangan`) VALUES
(1, 'link_login_operator', 'ya', 'Menampilkan Link Login Operator'),
(2, 'cbt_nama', 'Computer Based-Test', 'Nama Penyelenggara ZYACBT'),
(3, 'cbt_keterangan', 'Ujian Online Berbasis Komputer', 'Keterangan Penyelenggara ZYACBT'),
(4, 'cbt_mobile_lock_xambro', 'tidak', 'Melakukan Lock pada browser mobile agar menggunakan Xambro Saja'),
(5, 'cbt_informasi', '<p>Silahkan pilih Tes yang diikuti dari daftar tes yang tersedia dibawah ini. Apabila tes tidak muncul, silahkan menghubungi Operator yang bertugas.</p>\r\n', 'Informasi yang diberika di Dashboard peserta tes\'');

-- --------------------------------------------------------

--
-- Table structure for table `cbt_modul`
--

CREATE TABLE `cbt_modul` (
  `modul_id` bigint(20) UNSIGNED NOT NULL,
  `modul_nama` varchar(255) COLLATE utf8_unicode_ci NOT NULL,
  `modul_aktif` tinyint(1) NOT NULL DEFAULT '0'
) ENGINE=InnoDB DEFAULT CHARSET=utf8 COLLATE=utf8_unicode_ci;

--
-- Dumping data for table `cbt_modul`
--

INSERT INTO `cbt_modul` (`modul_id`, `modul_nama`, `modul_aktif`) VALUES
(9, 'Default', 1);

-- --------------------------------------------------------

--
-- Table structure for table `cbt_sessions`
--

CREATE TABLE `cbt_sessions` (
  `id` varchar(128) NOT NULL,
  `ip_address` varchar(45) NOT NULL,
  `timestamp` int(10) UNSIGNED NOT NULL DEFAULT '0',
  `data` blob NOT NULL
) ENGINE=InnoDB DEFAULT CHARSET=utf8;

--
-- Dumping data for table `cbt_sessions`
--

INSERT INTO `cbt_sessions` (`id`, `ip_address`, `timestamp`, `data`) VALUES
('08qm9qcjoofk8qhfehfmvja50qmeeunb', '127.0.0.1', 1669455767, 0x5f5f63695f6c6173745f726567656e65726174657c693a313636393435353638313b6362745f7465735f757365725f69647c733a31303a2261727232303232303234223b6362745f7465735f6e616d617c733a32323a2253495449204348494f49524f54554e204e4142494c41223b6362745f7465735f67726f75707c733a343a2258204d4d223b6362745f7465735f67726f75705f69647c733a323a223130223b6362745f757365725f69647c733a353a2261646d696e223b6362745f6e616d617c733a31333a2241646d696e2047616e74656e67223b6362745f6c6576656c7c733a353a2261646d696e223b6362745f6f707369317c733a303a22223b6362745f6f707369327c733a303a22223b),
('0rkc0iid3bu8rn40slufifvfilos29n2', '127.0.0.1', 1669341451, 0x5f5f63695f6c6173745f726567656e65726174657c693a313636393334313434343b6362745f7465735f757365725f69647c733a373a2264696d61736d66223b6362745f7465735f6e616d617c733a32313a2244696d6173204d61756c616e612046697264617573223b6362745f7465735f67726f75707c733a353a225820544b4a223b6362745f7465735f67726f75705f69647c733a313a2239223b6362745f757365725f69647c733a353a2261646d696e223b6362745f6e616d617c733a31333a2241646d696e2047616e74656e67223b6362745f6c6576656c7c733a353a2261646d696e223b6362745f6f707369317c733a303a22223b6362745f6f707369327c733a303a22223b),
('1t09dkop5e9pkh3o8usmhsa6ne3f0irh', '127.0.0.1', 1669439811, 0x5f5f63695f6c6173745f726567656e65726174657c693a313636393433393538353b6362745f7465735f757365725f69647c733a31303a2261727232303232303234223b6362745f7465735f6e616d617c733a32323a2253495449204348494f49524f54554e204e4142494c41223b6362745f7465735f67726f75707c733a343a2258204d4d223b6362745f7465735f67726f75705f69647c733a323a223130223b6362745f757365725f69647c733a353a2261646d696e223b6362745f6e616d617c733a31333a2241646d696e2047616e74656e67223b6362745f6c6576656c7c733a353a2261646d696e223b6362745f6f707369317c733a303a22223b6362745f6f707369327c733a303a22223b),
('36nplghc4nicgv4lisloojs65j3l3mmo', '127.0.0.1', 1669363108, 0x5f5f63695f6c6173745f726567656e65726174657c693a313636393336323835363b6362745f757365725f69647c733a353a2261646d696e223b6362745f6e616d617c733a31333a2241646d696e2047616e74656e67223b6362745f6c6576656c7c733a353a2261646d696e223b6362745f6f707369317c733a303a22223b6362745f6f707369327c733a303a22223b6362745f7465735f757365725f69647c733a31303a2261727232303232303239223b6362745f7465735f6e616d617c733a31333a224127494e204641495a4154554e223b6362745f7465735f67726f75707c733a353a225820544b4a223b6362745f7465735f67726f75705f69647c733a313a2239223b),
('50ium6if6i6j4bet8dikpr8d0s362gsa', '127.0.0.1', 1669364820, 0x5f5f63695f6c6173745f726567656e65726174657c693a313636393336343632303b6362745f7465735f757365725f69647c733a31303a2261727232303232303239223b6362745f7465735f6e616d617c733a31333a224127494e204641495a4154554e223b6362745f7465735f67726f75707c733a353a225820544b4a223b6362745f7465735f67726f75705f69647c733a313a2239223b6362745f757365725f69647c733a353a2261646d696e223b6362745f6e616d617c733a31333a2241646d696e2047616e74656e67223b6362745f6c6576656c7c733a353a2261646d696e223b6362745f6f707369317c733a303a22223b6362745f6f707369327c733a303a22223b),
('5707hp2t21j9cg9548kcuqjcra7jrg36', '127.0.0.1', 1669339326, 0x5f5f63695f6c6173745f726567656e65726174657c693a313636393333393038363b6362745f757365725f69647c733a353a2261646d696e223b6362745f6e616d617c733a31333a2241646d696e2047616e74656e67223b6362745f6c6576656c7c733a353a2261646d696e223b6362745f6f707369317c733a303a22223b6362745f6f707369327c733a303a22223b),
('62h62f5g4r72rn26c5s4ibm5ltesptl5', '127.0.0.1', 1669344371, 0x5f5f63695f6c6173745f726567656e65726174657c693a313636393334343337313b6362745f7465735f757365725f69647c733a373a2264696d61736d66223b6362745f7465735f6e616d617c733a32313a2244696d6173204d61756c616e612046697264617573223b6362745f7465735f67726f75707c733a353a225820544b4a223b6362745f7465735f67726f75705f69647c733a313a2239223b6362745f757365725f69647c733a353a2261646d696e223b6362745f6e616d617c733a31333a2241646d696e2047616e74656e67223b6362745f6c6576656c7c733a353a2261646d696e223b6362745f6f707369317c733a303a22223b6362745f6f707369327c733a303a22223b),
('6intskpfqm2ce42816gru1hfkc5dbprv', '127.0.0.1', 1669455429, 0x5f5f63695f6c6173745f726567656e65726174657c693a313636393435353331393b6362745f7465735f757365725f69647c733a31303a2261727232303232303234223b6362745f7465735f6e616d617c733a32323a2253495449204348494f49524f54554e204e4142494c41223b6362745f7465735f67726f75707c733a343a2258204d4d223b6362745f7465735f67726f75705f69647c733a323a223130223b6362745f757365725f69647c733a353a2261646d696e223b6362745f6e616d617c733a31333a2241646d696e2047616e74656e67223b6362745f6c6576656c7c733a353a2261646d696e223b6362745f6f707369317c733a303a22223b6362745f6f707369327c733a303a22223b),
('9o93drhinjl2ed0tjljr4anjknis8i1n', '127.0.0.1', 1669340268, 0x5f5f63695f6c6173745f726567656e65726174657c693a313636393334303139313b6362745f7465735f757365725f69647c733a373a2264696d61736d66223b6362745f7465735f6e616d617c733a32313a2244696d6173204d61756c616e612046697264617573223b6362745f7465735f67726f75707c733a353a225820544b4a223b6362745f7465735f67726f75705f69647c733a313a2239223b),
('ab4j2dmba0jlk66vvarsklk98jskbnoq', '127.0.0.1', 1669367264, 0x5f5f63695f6c6173745f726567656e65726174657c693a313636393336373236343b6362745f7465735f757365725f69647c733a31303a2261727232303232303239223b6362745f7465735f6e616d617c733a31333a224127494e204641495a4154554e223b6362745f7465735f67726f75707c733a353a225820544b4a223b6362745f7465735f67726f75705f69647c733a313a2239223b6362745f757365725f69647c733a353a2261646d696e223b6362745f6e616d617c733a31333a2241646d696e2047616e74656e67223b6362745f6c6576656c7c733a353a2261646d696e223b6362745f6f707369317c733a303a22223b6362745f6f707369327c733a303a22223b),
('cqb3t92cci4g6vb5o4fc12aj0mgcjr0m', '127.0.0.1', 1669366621, 0x5f5f63695f6c6173745f726567656e65726174657c693a313636393336363538383b6362745f7465735f757365725f69647c733a31303a2261727232303232303239223b6362745f7465735f6e616d617c733a31333a224127494e204641495a4154554e223b6362745f7465735f67726f75707c733a353a225820544b4a223b6362745f7465735f67726f75705f69647c733a313a2239223b6362745f757365725f69647c733a353a2261646d696e223b6362745f6e616d617c733a31333a2241646d696e2047616e74656e67223b6362745f6c6576656c7c733a353a2261646d696e223b6362745f6f707369317c733a303a22223b6362745f6f707369327c733a303a22223b),
('dgfp10jhcuaj9h8gci4qv5mo0qvmtj5t', '127.0.0.1', 1669337653, 0x5f5f63695f6c6173745f726567656e65726174657c693a313636393333373633393b6362745f757365725f69647c733a353a2261646d696e223b6362745f6e616d617c733a31333a2241646d696e2047616e74656e67223b6362745f6c6576656c7c733a353a2261646d696e223b6362745f6f707369317c733a303a22223b6362745f6f707369327c733a303a22223b),
('dhm8kmb3t6s56iljn8tee2ea3tvjrtq2', '127.0.0.1', 1669350429, 0x5f5f63695f6c6173745f726567656e65726174657c693a313636393335303133373b6362745f757365725f69647c733a353a2261646d696e223b6362745f6e616d617c733a31333a2241646d696e2047616e74656e67223b6362745f6c6576656c7c733a353a2261646d696e223b6362745f6f707369317c733a303a22223b6362745f6f707369327c733a303a22223b6362745f7465735f757365725f69647c733a31303a2261727232303232303239223b6362745f7465735f6e616d617c733a31333a224127494e204641495a4154554e223b6362745f7465735f67726f75707c733a353a225820544b4a223b6362745f7465735f67726f75705f69647c733a313a2239223b),
('dnmv9co7nmmpp6ce1irjhajrb60nbkdm', '127.0.0.1', 1669401217, 0x5f5f63695f6c6173745f726567656e65726174657c693a313636393430313130353b6362745f7465735f757365725f69647c733a31303a2261727232303232303239223b6362745f7465735f6e616d617c733a31333a224127494e204641495a4154554e223b6362745f7465735f67726f75707c733a353a225820544b4a223b6362745f7465735f67726f75705f69647c733a313a2239223b6362745f757365725f69647c733a353a2261646d696e223b6362745f6e616d617c733a31333a2241646d696e2047616e74656e67223b6362745f6c6576656c7c733a353a2261646d696e223b6362745f6f707369317c733a303a22223b6362745f6f707369327c733a303a22223b),
('e0i7q5q3kklgkdoifsrbs5so09miqutr', '127.0.0.1', 1669438641, 0x5f5f63695f6c6173745f726567656e65726174657c693a313636393433383431303b6362745f7465735f757365725f69647c733a31303a2261727232303232303234223b6362745f7465735f6e616d617c733a32323a2253495449204348494f49524f54554e204e4142494c41223b6362745f7465735f67726f75707c733a343a2258204d4d223b6362745f7465735f67726f75705f69647c733a323a223130223b6362745f757365725f69647c733a353a2261646d696e223b6362745f6e616d617c733a31333a2241646d696e2047616e74656e67223b6362745f6c6576656c7c733a353a2261646d696e223b6362745f6f707369317c733a303a22223b6362745f6f707369327c733a303a22223b),
('e0qspdu0s5kl7m1v48fddf3plt8eob1a', '127.0.0.1', 1669350307, 0x5f5f63695f6c6173745f726567656e65726174657c693a313636393335303330373b),
('e4q09jg4l4fr0b7mm9eeg25ng3mvmime', '127.0.0.1', 1669340166, 0x5f5f63695f6c6173745f726567656e65726174657c693a313636393334303135333b6362745f757365725f69647c733a353a2261646d696e223b6362745f6e616d617c733a31333a2241646d696e2047616e74656e67223b6362745f6c6576656c7c733a353a2261646d696e223b6362745f6f707369317c733a303a22223b6362745f6f707369327c733a303a22223b6362745f7465735f757365725f69647c733a373a2264696d61736d66223b6362745f7465735f6e616d617c733a32313a2244696d6173204d61756c616e612046697264617573223b6362745f7465735f67726f75707c733a353a225820544b4a223b6362745f7465735f67726f75705f69647c733a313a2239223b),
('e6acrni9ss1pe7remqr5ps0i7u7i0pjd', '127.0.0.1', 1669362184, 0x5f5f63695f6c6173745f726567656e65726174657c693a313636393336323138333b6362745f757365725f69647c733a353a2261646d696e223b6362745f6e616d617c733a31333a2241646d696e2047616e74656e67223b6362745f6c6576656c7c733a353a2261646d696e223b6362745f6f707369317c733a303a22223b6362745f6f707369327c733a303a22223b6362745f7465735f757365725f69647c733a31303a2261727232303232303239223b6362745f7465735f6e616d617c733a31333a224127494e204641495a4154554e223b6362745f7465735f67726f75707c733a353a225820544b4a223b6362745f7465735f67726f75705f69647c733a313a2239223b),
('en6fciispfpnsfpicat01rnk6e7vuckb', '127.0.0.1', 1669343392, 0x5f5f63695f6c6173745f726567656e65726174657c693a313636393334333136353b6362745f7465735f757365725f69647c733a373a2264696d61736d66223b6362745f7465735f6e616d617c733a32313a2244696d6173204d61756c616e612046697264617573223b6362745f7465735f67726f75707c733a353a225820544b4a223b6362745f7465735f67726f75705f69647c733a313a2239223b6362745f757365725f69647c733a353a2261646d696e223b6362745f6e616d617c733a31333a2241646d696e2047616e74656e67223b6362745f6c6576656c7c733a353a2261646d696e223b6362745f6f707369317c733a303a22223b6362745f6f707369327c733a303a22223b),
('eo0vhhgvve4vrlhg8c91m63gamcfn7tq', '127.0.0.1', 1669342359, 0x5f5f63695f6c6173745f726567656e65726174657c693a313636393334323036313b6362745f7465735f757365725f69647c733a373a2264696d61736d66223b6362745f7465735f6e616d617c733a32313a2244696d6173204d61756c616e612046697264617573223b6362745f7465735f67726f75707c733a353a225820544b4a223b6362745f7465735f67726f75705f69647c733a313a2239223b6362745f757365725f69647c733a353a2261646d696e223b6362745f6e616d617c733a31333a2241646d696e2047616e74656e67223b6362745f6c6576656c7c733a353a2261646d696e223b6362745f6f707369317c733a303a22223b6362745f6f707369327c733a303a22223b),
('ervi7n249lsgnnga41mc3jh14cosnh25', '127.0.0.1', 1669365275, 0x5f5f63695f6c6173745f726567656e65726174657c693a313636393336353237353b6362745f7465735f757365725f69647c733a31303a2261727232303232303239223b6362745f7465735f6e616d617c733a31333a224127494e204641495a4154554e223b6362745f7465735f67726f75707c733a353a225820544b4a223b6362745f7465735f67726f75705f69647c733a313a2239223b6362745f757365725f69647c733a353a2261646d696e223b6362745f6e616d617c733a31333a2241646d696e2047616e74656e67223b6362745f6c6576656c7c733a353a2261646d696e223b6362745f6f707369317c733a303a22223b6362745f6f707369327c733a303a22223b),
('frbbr7i0mh4m8oj6ua3ltg895ravtibl', '127.0.0.1', 1669336890, 0x5f5f63695f6c6173745f726567656e65726174657c693a313636393333363839303b6362745f757365725f69647c733a353a2261646d696e223b6362745f6e616d617c733a31333a2241646d696e2047616e74656e67223b6362745f6c6576656c7c733a353a2261646d696e223b6362745f6f707369317c733a303a22223b6362745f6f707369327c733a303a22223b),
('hha70agnttk4ofqfbt1qhkv54u4rgo8n', '127.0.0.1', 1669365813, 0x5f5f63695f6c6173745f726567656e65726174657c693a313636393336353734343b6362745f7465735f757365725f69647c733a31303a2261727232303232303239223b6362745f7465735f6e616d617c733a31333a224127494e204641495a4154554e223b6362745f7465735f67726f75707c733a353a225820544b4a223b6362745f7465735f67726f75705f69647c733a313a2239223b6362745f757365725f69647c733a353a2261646d696e223b6362745f6e616d617c733a31333a2241646d696e2047616e74656e67223b6362745f6c6576656c7c733a353a2261646d696e223b6362745f6f707369317c733a303a22223b6362745f6f707369327c733a303a22223b),
('hrit4gqchg4s6rddfelcm4t28knm7n19', '127.0.0.1', 1669402080, 0x5f5f63695f6c6173745f726567656e65726174657c693a313636393430323038303b6362745f7465735f757365725f69647c733a31303a2261727232303232303239223b6362745f7465735f6e616d617c733a31333a224127494e204641495a4154554e223b6362745f7465735f67726f75707c733a353a225820544b4a223b6362745f7465735f67726f75705f69647c733a313a2239223b6362745f757365725f69647c733a353a2261646d696e223b6362745f6e616d617c733a31333a2241646d696e2047616e74656e67223b6362745f6c6576656c7c733a353a2261646d696e223b6362745f6f707369317c733a303a22223b6362745f6f707369327c733a303a22223b),
('i2c7oi34k40kaibk1rpaokrr6d2di5lm', '127.0.0.1', 1669363290, 0x5f5f63695f6c6173745f726567656e65726174657c693a313636393336333139373b6362745f7465735f757365725f69647c733a31303a2261727232303232303239223b6362745f7465735f6e616d617c733a31333a224127494e204641495a4154554e223b6362745f7465735f67726f75707c733a353a225820544b4a223b6362745f7465735f67726f75705f69647c733a313a2239223b6362745f757365725f69647c733a353a2261646d696e223b6362745f6e616d617c733a31333a2241646d696e2047616e74656e67223b6362745f6c6576656c7c733a353a2261646d696e223b6362745f6f707369317c733a303a22223b6362745f6f707369327c733a303a22223b),
('j48253gok2nv4alnn35q8e0k93mnj7he', '127.0.0.1', 1669362524, 0x5f5f63695f6c6173745f726567656e65726174657c693a313636393336323532313b6362745f757365725f69647c733a353a2261646d696e223b6362745f6e616d617c733a31333a2241646d696e2047616e74656e67223b6362745f6c6576656c7c733a353a2261646d696e223b6362745f6f707369317c733a303a22223b6362745f6f707369327c733a303a22223b6362745f7465735f757365725f69647c733a31303a2261727232303232303239223b6362745f7465735f6e616d617c733a31333a224127494e204641495a4154554e223b6362745f7465735f67726f75707c733a353a225820544b4a223b6362745f7465735f67726f75705f69647c733a313a2239223b),
('k0i295sm6ae8do5pa6nev1gaj4krlvc2', '127.0.0.1', 1669340152, 0x5f5f63695f6c6173745f726567656e65726174657c693a313636393333393834393b6362745f757365725f69647c733a353a2261646d696e223b6362745f6e616d617c733a31333a2241646d696e2047616e74656e67223b6362745f6c6576656c7c733a353a2261646d696e223b6362745f6f707369317c733a303a22223b6362745f6f707369327c733a303a22223b6362745f7465735f757365725f69647c733a373a2264696d61736d66223b6362745f7465735f6e616d617c733a32313a2244696d6173204d61756c616e612046697264617573223b6362745f7465735f67726f75707c733a353a225820544b4a223b6362745f7465735f67726f75705f69647c733a313a2239223b),
('kco3oojfo8f2228c98d5ivq7tt0qi5ft', '127.0.0.1', 1669364613, 0x5f5f63695f6c6173745f726567656e65726174657c693a313636393336343331333b6362745f7465735f757365725f69647c733a31303a2261727232303232303239223b6362745f7465735f6e616d617c733a31333a224127494e204641495a4154554e223b6362745f7465735f67726f75707c733a353a225820544b4a223b6362745f7465735f67726f75705f69647c733a313a2239223b6362745f757365725f69647c733a353a2261646d696e223b6362745f6e616d617c733a31333a2241646d696e2047616e74656e67223b6362745f6c6576656c7c733a353a2261646d696e223b6362745f6f707369317c733a303a22223b6362745f6f707369327c733a303a22223b),
('koeq65aofdmmt7db2eiikbos2mfmvvhv', '127.0.0.1', 1669360153, 0x5f5f63695f6c6173745f726567656e65726174657c693a313636393336303032373b6362745f757365725f69647c733a353a2261646d696e223b6362745f6e616d617c733a31333a2241646d696e2047616e74656e67223b6362745f6c6576656c7c733a353a2261646d696e223b6362745f6f707369317c733a303a22223b6362745f6f707369327c733a303a22223b6362745f7465735f757365725f69647c733a31303a2261727232303232303239223b6362745f7465735f6e616d617c733a31333a224127494e204641495a4154554e223b6362745f7465735f67726f75707c733a353a225820544b4a223b6362745f7465735f67726f75705f69647c733a313a2239223b),
('lu1enslv7uju5c83muge7efpf67m8uh4', '127.0.0.1', 1669336251, 0x5f5f63695f6c6173745f726567656e65726174657c693a313636393333363131393b6362745f757365725f69647c733a353a2261646d696e223b6362745f6e616d617c733a31333a2241646d696e2047616e74656e67223b6362745f6c6576656c7c733a353a2261646d696e223b6362745f6f707369317c733a303a22223b6362745f6f707369327c733a303a22223b),
('p0dfj116jvrl2qrtuiijt1ra6obburnf', '127.0.0.1', 1669339047, 0x5f5f63695f6c6173745f726567656e65726174657c693a313636393333383734393b6362745f757365725f69647c733a353a2261646d696e223b6362745f6e616d617c733a31333a2241646d696e2047616e74656e67223b6362745f6c6576656c7c733a353a2261646d696e223b6362745f6f707369317c733a303a22223b6362745f6f707369327c733a303a22223b),
('p7006ucphun5456j34e4lt2e9bqf3uac', '127.0.0.1', 1669345082, 0x5f5f63695f6c6173745f726567656e65726174657c693a313636393334343836313b6362745f7465735f757365725f69647c733a373a2264696d61736d66223b6362745f7465735f6e616d617c733a32313a2244696d6173204d61756c616e612046697264617573223b6362745f7465735f67726f75707c733a353a225820544b4a223b6362745f7465735f67726f75705f69647c733a313a2239223b6362745f757365725f69647c733a353a2261646d696e223b6362745f6e616d617c733a31333a2241646d696e2047616e74656e67223b6362745f6c6576656c7c733a353a2261646d696e223b6362745f6f707369317c733a303a22223b6362745f6f707369327c733a303a22223b),
('pdar1qhh2t7f0urcm9hfkor2m0c96j0l', '127.0.0.1', 1669440198, 0x5f5f63695f6c6173745f726567656e65726174657c693a313636393434303137303b6362745f7465735f757365725f69647c733a31303a2261727232303232303234223b6362745f7465735f6e616d617c733a32323a2253495449204348494f49524f54554e204e4142494c41223b6362745f7465735f67726f75707c733a343a2258204d4d223b6362745f7465735f67726f75705f69647c733a323a223130223b6362745f757365725f69647c733a353a2261646d696e223b6362745f6e616d617c733a31333a2241646d696e2047616e74656e67223b6362745f6c6576656c7c733a353a2261646d696e223b6362745f6f707369317c733a303a22223b6362745f6f707369327c733a303a22223b),
('puotutkgjjk1ed1ovikpn3cuunqfnefu', '127.0.0.1', 1669366242, 0x5f5f63695f6c6173745f726567656e65726174657c693a313636393336363132383b6362745f7465735f757365725f69647c733a31303a2261727232303232303239223b6362745f7465735f6e616d617c733a31333a224127494e204641495a4154554e223b6362745f7465735f67726f75707c733a353a225820544b4a223b6362745f7465735f67726f75705f69647c733a313a2239223b6362745f757365725f69647c733a353a2261646d696e223b6362745f6e616d617c733a31333a2241646d696e2047616e74656e67223b6362745f6c6576656c7c733a353a2261646d696e223b6362745f6f707369317c733a303a22223b6362745f6f707369327c733a303a22223b),
('qi1jajrqhn938lfso69nh2a4biaftn66', '127.0.0.1', 1669339849, 0x5f5f63695f6c6173745f726567656e65726174657c693a313636393333393533363b6362745f757365725f69647c733a353a2261646d696e223b6362745f6e616d617c733a31333a2241646d696e2047616e74656e67223b6362745f6c6576656c7c733a353a2261646d696e223b6362745f6f707369317c733a303a22223b6362745f6f707369327c733a303a22223b6362745f7465735f757365725f69647c733a373a2264696d61736d66223b6362745f7465735f6e616d617c733a32313a2244696d6173204d61756c616e612046697264617573223b6362745f7465735f67726f75707c733a353a225820544b4a223b6362745f7465735f67726f75705f69647c733a313a2239223b),
('qrt5c5ujqq82vddpi04j61c00cbl4lha', '127.0.0.1', 1669350137, 0x5f5f63695f6c6173745f726567656e65726174657c693a313636393335303133363b6362745f7465735f757365725f69647c733a373a2264696d61736d66223b6362745f7465735f6e616d617c733a32313a2244696d6173204d61756c616e612046697264617573223b6362745f7465735f67726f75707c733a353a225820544b4a223b6362745f7465735f67726f75705f69647c733a313a2239223b6362745f757365725f69647c733a353a2261646d696e223b6362745f6e616d617c733a31333a2241646d696e2047616e74656e67223b6362745f6c6576656c7c733a353a2261646d696e223b6362745f6f707369317c733a303a22223b6362745f6f707369327c733a303a22223b),
('rhrfi0pv1f547ib32ar2603g55l06kt8', '127.0.0.1', 1669367233, 0x5f5f63695f6c6173745f726567656e65726174657c693a313636393336363935313b6362745f7465735f757365725f69647c733a31303a2261727232303232303239223b6362745f7465735f6e616d617c733a31333a224127494e204641495a4154554e223b6362745f7465735f67726f75707c733a353a225820544b4a223b6362745f7465735f67726f75705f69647c733a313a2239223b6362745f757365725f69647c733a353a2261646d696e223b6362745f6e616d617c733a31333a2241646d696e2047616e74656e67223b6362745f6c6576656c7c733a353a2261646d696e223b6362745f6f707369317c733a303a22223b6362745f6f707369327c733a303a22223b),
('ssfjh7i99dvsbu1cu510fg2ano32obg9', '127.0.0.1', 1669341130, 0x5f5f63695f6c6173745f726567656e65726174657c693a313636393334313038383b6362745f7465735f757365725f69647c733a373a2264696d61736d66223b6362745f7465735f6e616d617c733a32313a2244696d6173204d61756c616e612046697264617573223b6362745f7465735f67726f75707c733a353a225820544b4a223b6362745f7465735f67726f75705f69647c733a313a2239223b6362745f757365725f69647c733a353a2261646d696e223b6362745f6e616d617c733a31333a2241646d696e2047616e74656e67223b6362745f6c6576656c7c733a353a2261646d696e223b6362745f6f707369317c733a303a22223b6362745f6f707369327c733a303a22223b),
('ta36o6jl8p4apol3854un09k08td1af1', '127.0.0.1', 1669336107, 0x5f5f63695f6c6173745f726567656e65726174657c693a313636393333353831373b6362745f757365725f69647c733a353a2261646d696e223b6362745f6e616d617c733a31333a2241646d696e2047616e74656e67223b6362745f6c6576656c7c733a353a2261646d696e223b6362745f6f707369317c733a303a22223b6362745f6f707369327c733a303a22223b),
('tas9imh34cjsf7e5g5hfe5v8e002du46', '127.0.0.1', 1669342462, 0x5f5f63695f6c6173745f726567656e65726174657c693a313636393334323336393b6362745f7465735f757365725f69647c733a373a2264696d61736d66223b6362745f7465735f6e616d617c733a32313a2244696d6173204d61756c616e612046697264617573223b6362745f7465735f67726f75707c733a353a225820544b4a223b6362745f7465735f67726f75705f69647c733a313a2239223b6362745f757365725f69647c733a353a2261646d696e223b6362745f6e616d617c733a31333a2241646d696e2047616e74656e67223b6362745f6c6576656c7c733a353a2261646d696e223b6362745f6f707369317c733a303a22223b6362745f6f707369327c733a303a22223b),
('tbj7nicelp4la531lq9hu272ijg0u65m', '127.0.0.1', 1669400945, 0x5f5f63695f6c6173745f726567656e65726174657c693a313636393430303734383b6362745f7465735f757365725f69647c733a31303a2261727232303232303239223b6362745f7465735f6e616d617c733a31333a224127494e204641495a4154554e223b6362745f7465735f67726f75707c733a353a225820544b4a223b6362745f7465735f67726f75705f69647c733a313a2239223b6362745f757365725f69647c733a353a2261646d696e223b6362745f6e616d617c733a31333a2241646d696e2047616e74656e67223b6362745f6c6576656c7c733a353a2261646d696e223b6362745f6f707369317c733a303a22223b6362745f6f707369327c733a303a22223b),
('tndt1o6043eu4uhid2ij17ejp788jqq6', '127.0.0.1', 1669352119, 0x5f5f63695f6c6173745f726567656e65726174657c693a313636393335323038323b6362745f757365725f69647c733a353a2261646d696e223b6362745f6e616d617c733a31333a2241646d696e2047616e74656e67223b6362745f6c6576656c7c733a353a2261646d696e223b6362745f6f707369317c733a303a22223b6362745f6f707369327c733a303a22223b6362745f7465735f757365725f69647c733a31303a2261727232303232303239223b6362745f7465735f6e616d617c733a31333a224127494e204641495a4154554e223b6362745f7465735f67726f75707c733a353a225820544b4a223b6362745f7465735f67726f75705f69647c733a313a2239223b),
('u014lmv20huv4tocr175qrcinl999n5n', '127.0.0.1', 1669344071, 0x5f5f63695f6c6173745f726567656e65726174657c693a313636393334343033353b6362745f7465735f757365725f69647c733a373a2264696d61736d66223b6362745f7465735f6e616d617c733a32313a2244696d6173204d61756c616e612046697264617573223b6362745f7465735f67726f75707c733a353a225820544b4a223b6362745f7465735f67726f75705f69647c733a313a2239223b6362745f757365725f69647c733a353a2261646d696e223b6362745f6e616d617c733a31333a2241646d696e2047616e74656e67223b6362745f6c6576656c7c733a353a2261646d696e223b6362745f6f707369317c733a303a22223b6362745f6f707369327c733a303a22223b),
('u3bm1srb6mfmfirersvs0v05ooiihvv1', '127.0.0.1', 1669350307, 0x5f5f63695f6c6173745f726567656e65726174657c693a313636393335303330373b);

-- --------------------------------------------------------

--
-- Table structure for table `cbt_soal`
--

CREATE TABLE `cbt_soal` (
  `soal_id` bigint(20) UNSIGNED NOT NULL,
  `soal_topik_id` bigint(20) UNSIGNED NOT NULL,
  `soal_detail` text COLLATE utf8_unicode_ci NOT NULL,
  `soal_tipe` smallint(3) UNSIGNED NOT NULL DEFAULT '1' COMMENT '1=Pilihan ganda, 2=essay, 3=jawaban singkat',
  `soal_kunci` text COLLATE utf8_unicode_ci COMMENT 'Kunci untuk soal jawaban singkat',
  `soal_difficulty` smallint(6) NOT NULL DEFAULT '1',
  `soal_aktif` tinyint(1) NOT NULL DEFAULT '0',
  `soal_audio` varchar(200) COLLATE utf8_unicode_ci DEFAULT NULL,
  `soal_audio_play` int(11) NOT NULL DEFAULT '0',
  `soal_timer` smallint(10) DEFAULT NULL,
  `soal_inline_answers` tinyint(1) NOT NULL DEFAULT '0',
  `soal_auto_next` tinyint(1) NOT NULL DEFAULT '0'
) ENGINE=InnoDB DEFAULT CHARSET=utf8 COLLATE=utf8_unicode_ci;

--
-- Dumping data for table `cbt_soal`
--

INSERT INTO `cbt_soal` (`soal_id`, `soal_topik_id`, `soal_detail`, `soal_tipe`, `soal_kunci`, `soal_difficulty`, `soal_aktif`, `soal_audio`, `soal_audio_play`, `soal_timer`, `soal_inline_answers`, `soal_auto_next`) VALUES
(53, 7, 'Apakah kepanjangan dari SMK ?', 1, NULL, 1, 1, NULL, 1, NULL, 0, 0),
(54, 7, '<p>Nama salah satu Mall yang ada di kota genteng adalah ...<br></p>', 1, NULL, 1, 1, NULL, 1, NULL, 0, 0),
(55, 7, '<p>Siapakah nama tokoh berikut ?</p><p><img src=\"[base_url]uploads/topik_7/soekarno.jpg\" style=\"max-width: 600px;\"><br></p>', 1, NULL, 1, 1, NULL, 1, NULL, 0, 0),
(56, 7, '<p>Siapakah vokalis band NOAH ?<br></p>', 1, NULL, 1, 1, NULL, 1, NULL, 0, 0),
(57, 7, '<p>Tanggal berapakah hari raya Idul Fitri ?</p>\r\n', 1, NULL, 1, 1, NULL, 1, NULL, 0, 0),
(61, 7, 'Jelaskan apa yang dimaksud dengan Jomblo ?', 2, NULL, 1, 1, NULL, 1, NULL, 0, 0),
(62, 7, '<p>PT. Tiar Perkasa ingin melebarkan sayap usaha di bidang kuliner.</p><p>Dari pernyataan tersebut, sebutkan siapa kekasih mas Tiar ?</p>', 2, NULL, 1, 1, NULL, 1, NULL, 0, 0),
(63, 7, '<p>Jelaskan kenapa Liverpool FC susah sekali untuk juara Premiere Leage !</p>\r\n', 2, NULL, 1, 1, NULL, 1, NULL, 0, 0),
(64, 7, '<p>Apakah judul lagu berikut ini?</p>', 1, NULL, 1, 1, 'naff_-_akhirnya_ku_menemukanmu.mp3', 1, NULL, 0, 0),
(161, 7, '<p>Jelaskan arti poster dibawah ini ?</p>\r\n\r\n<p><img src=\"[base_url]uploads/topik_7/5a49b252e7aea.jpeg\" style=\"height:283px; width:300px\" /></p>\r\n', 1, NULL, 1, 1, NULL, 0, NULL, 0, 0),
(214, 7, '<p>Berapakah 5x10 ?</p>\r\n', 3, '50', 1, 1, NULL, 0, NULL, 0, 0);

-- --------------------------------------------------------

--
-- Table structure for table `cbt_tes`
--

CREATE TABLE `cbt_tes` (
  `tes_id` bigint(20) UNSIGNED NOT NULL,
  `tes_nama` varchar(255) COLLATE utf8_unicode_ci NOT NULL,
  `tes_detail` text COLLATE utf8_unicode_ci NOT NULL,
  `tes_begin_time` datetime DEFAULT NULL,
  `tes_end_time` datetime DEFAULT NULL,
  `tes_duration_time` smallint(10) UNSIGNED NOT NULL DEFAULT '0',
  `tes_ip_range` varchar(255) COLLATE utf8_unicode_ci NOT NULL DEFAULT '*.*.*.*',
  `tes_results_to_users` tinyint(1) NOT NULL DEFAULT '0',
  `tes_detail_to_users` tinyint(1) NOT NULL DEFAULT '0',
  `tes_score_right` decimal(10,2) DEFAULT '1.00',
  `tes_score_wrong` decimal(10,2) DEFAULT '0.00',
  `tes_score_unanswered` decimal(10,2) DEFAULT '0.00',
  `tes_max_score` decimal(10,2) NOT NULL DEFAULT '0.00',
  `tes_token` tinyint(1) DEFAULT '0'
) ENGINE=InnoDB DEFAULT CHARSET=utf8 COLLATE=utf8_unicode_ci;

--
-- Dumping data for table `cbt_tes`
--

INSERT INTO `cbt_tes` (`tes_id`, `tes_nama`, `tes_detail`, `tes_begin_time`, `tes_end_time`, `tes_duration_time`, `tes_ip_range`, `tes_results_to_users`, `tes_detail_to_users`, `tes_score_right`, `tes_score_wrong`, `tes_score_unanswered`, `tes_max_score`, `tes_token`) VALUES
(6, 'siskomdig', 'tkj', '2022-11-25 08:34:00', '2022-11-26 08:34:00', 30, '*.*.*.*', 1, 0, '1.00', '0.00', '0.00', '2.00', 0);

-- --------------------------------------------------------

--
-- Table structure for table `cbt_tesgrup`
--

CREATE TABLE `cbt_tesgrup` (
  `tstgrp_tes_id` bigint(20) UNSIGNED NOT NULL,
  `tstgrp_grup_id` bigint(20) UNSIGNED NOT NULL
) ENGINE=InnoDB DEFAULT CHARSET=utf8 COLLATE=utf8_unicode_ci;

--
-- Dumping data for table `cbt_tesgrup`
--

INSERT INTO `cbt_tesgrup` (`tstgrp_tes_id`, `tstgrp_grup_id`) VALUES
(6, 9);

-- --------------------------------------------------------

--
-- Table structure for table `cbt_tes_soal`
--

CREATE TABLE `cbt_tes_soal` (
  `tessoal_id` bigint(20) UNSIGNED NOT NULL,
  `tessoal_tesuser_id` bigint(20) UNSIGNED NOT NULL,
  `tessoal_user_ip` varchar(39) COLLATE utf8_unicode_ci DEFAULT NULL,
  `tessoal_soal_id` bigint(20) UNSIGNED NOT NULL,
  `tessoal_jawaban_text` text COLLATE utf8_unicode_ci,
  `tessoal_nilai` decimal(10,2) DEFAULT NULL,
  `tessoal_creation_time` datetime DEFAULT NULL,
  `tessoal_display_time` datetime DEFAULT NULL,
  `tessoal_change_time` datetime DEFAULT NULL,
  `tessoal_reaction_time` bigint(20) UNSIGNED NOT NULL DEFAULT '0',
  `tessoal_ragu` int(1) NOT NULL DEFAULT '0' COMMENT '1=ragu, 0=tidak ragu',
  `tessoal_order` smallint(6) NOT NULL DEFAULT '1',
  `tessoal_num_answers` smallint(5) UNSIGNED NOT NULL DEFAULT '0',
  `tessoal_comment` text COLLATE utf8_unicode_ci,
  `tessoal_audio_play` int(11) NOT NULL DEFAULT '0'
) ENGINE=InnoDB DEFAULT CHARSET=utf8 COLLATE=utf8_unicode_ci;

--
-- Dumping data for table `cbt_tes_soal`
--

INSERT INTO `cbt_tes_soal` (`tessoal_id`, `tessoal_tesuser_id`, `tessoal_user_ip`, `tessoal_soal_id`, `tessoal_jawaban_text`, `tessoal_nilai`, `tessoal_creation_time`, `tessoal_display_time`, `tessoal_change_time`, `tessoal_reaction_time`, `tessoal_ragu`, `tessoal_order`, `tessoal_num_answers`, `tessoal_comment`, `tessoal_audio_play`) VALUES
(51, 6, NULL, 214, '65675', '0.00', '2022-11-25 08:36:05', '2022-11-25 08:37:29', '2022-11-25 08:37:16', 0, 0, 1, 0, NULL, 0),
(52, 6, NULL, 54, NULL, '0.00', '2022-11-25 08:36:05', '2022-11-25 08:37:46', '2022-11-25 08:37:22', 0, 0, 2, 0, NULL, 0),
(53, 7, NULL, 54, NULL, '0.00', '2022-11-25 11:26:01', '2022-11-25 11:26:01', '2022-11-25 11:26:13', 0, 0, 1, 0, NULL, 0),
(54, 7, NULL, 64, NULL, '1.00', '2022-11-25 11:26:01', '2022-11-25 11:26:21', '2022-11-25 11:26:24', 0, 0, 2, 0, NULL, 0);

-- --------------------------------------------------------

--
-- Table structure for table `cbt_tes_soal_jawaban`
--

CREATE TABLE `cbt_tes_soal_jawaban` (
  `soaljawaban_tessoal_id` bigint(20) UNSIGNED NOT NULL,
  `soaljawaban_jawaban_id` bigint(20) UNSIGNED NOT NULL,
  `soaljawaban_selected` smallint(6) NOT NULL DEFAULT '-1',
  `soaljawaban_order` smallint(6) NOT NULL DEFAULT '1',
  `soaljawaban_position` bigint(20) UNSIGNED DEFAULT NULL
) ENGINE=InnoDB DEFAULT CHARSET=utf8 COLLATE=utf8_unicode_ci;

--
-- Dumping data for table `cbt_tes_soal_jawaban`
--

INSERT INTO `cbt_tes_soal_jawaban` (`soaljawaban_tessoal_id`, `soaljawaban_jawaban_id`, `soaljawaban_selected`, `soaljawaban_order`, `soaljawaban_position`) VALUES
(52, 201, 0, 2, NULL),
(52, 202, 0, 3, NULL),
(52, 203, 1, 1, NULL),
(53, 201, 0, 2, NULL),
(53, 202, 1, 3, NULL),
(53, 203, 0, 1, NULL),
(54, 211, 1, 1, NULL),
(54, 212, 0, 3, NULL),
(54, 213, 0, 2, NULL);

-- --------------------------------------------------------

--
-- Table structure for table `cbt_tes_token`
--

CREATE TABLE `cbt_tes_token` (
  `token_id` int(11) NOT NULL,
  `token_isi` varchar(20) NOT NULL,
  `token_user_id` int(11) NOT NULL,
  `token_ts` timestamp NOT NULL DEFAULT CURRENT_TIMESTAMP,
  `token_aktif` int(11) NOT NULL DEFAULT '1' COMMENT 'Umur Token dalam menit, 1 = 1 hari penuh',
  `token_tes_id` bigint(20) NOT NULL DEFAULT '0'
) ENGINE=InnoDB DEFAULT CHARSET=latin1;

--
-- Dumping data for table `cbt_tes_token`
--

INSERT INTO `cbt_tes_token` (`token_id`, `token_isi`, `token_user_id`, `token_ts`, `token_aktif`, `token_tes_id`) VALUES
(12, '299403', 5, '2019-12-12 02:53:22', 1, 0);

-- --------------------------------------------------------

--
-- Table structure for table `cbt_tes_topik_set`
--

CREATE TABLE `cbt_tes_topik_set` (
  `tset_id` bigint(20) UNSIGNED NOT NULL,
  `tset_tes_id` bigint(20) UNSIGNED NOT NULL,
  `tset_topik_id` bigint(20) UNSIGNED NOT NULL,
  `tset_tipe` smallint(6) NOT NULL DEFAULT '1',
  `tset_difficulty` smallint(6) NOT NULL DEFAULT '1',
  `tset_jumlah` smallint(6) NOT NULL DEFAULT '1',
  `tset_jawaban` smallint(6) NOT NULL DEFAULT '0',
  `tset_acak_jawaban` int(11) NOT NULL DEFAULT '1',
  `tset_acak_soal` int(11) NOT NULL DEFAULT '1'
) ENGINE=InnoDB DEFAULT CHARSET=utf8 COLLATE=utf8_unicode_ci;

--
-- Dumping data for table `cbt_tes_topik_set`
--

INSERT INTO `cbt_tes_topik_set` (`tset_id`, `tset_tes_id`, `tset_topik_id`, `tset_tipe`, `tset_difficulty`, `tset_jumlah`, `tset_jawaban`, `tset_acak_jawaban`, `tset_acak_soal`) VALUES
(6, 6, 7, 0, 1, 2, 3, 1, 1);

-- --------------------------------------------------------

--
-- Table structure for table `cbt_tes_user`
--

CREATE TABLE `cbt_tes_user` (
  `tesuser_id` bigint(20) UNSIGNED NOT NULL,
  `tesuser_tes_id` bigint(20) UNSIGNED NOT NULL,
  `tesuser_user_id` bigint(20) UNSIGNED NOT NULL,
  `tesuser_status` smallint(5) UNSIGNED NOT NULL DEFAULT '0',
  `tesuser_creation_time` datetime NOT NULL,
  `tesuser_comment` text COLLATE utf8_unicode_ci,
  `tesuser_token` varchar(10) COLLATE utf8_unicode_ci DEFAULT NULL
) ENGINE=InnoDB DEFAULT CHARSET=utf8 COLLATE=utf8_unicode_ci;

--
-- Dumping data for table `cbt_tes_user`
--

INSERT INTO `cbt_tes_user` (`tesuser_id`, `tesuser_tes_id`, `tesuser_user_id`, `tesuser_status`, `tesuser_creation_time`, `tesuser_comment`, `tesuser_token`) VALUES
(6, 6, 3, 4, '2022-11-25 08:36:05', NULL, NULL),
(7, 6, 32, 4, '2022-11-25 11:26:01', NULL, NULL);

-- --------------------------------------------------------

--
-- Table structure for table `cbt_topik`
--

CREATE TABLE `cbt_topik` (
  `topik_id` bigint(20) UNSIGNED NOT NULL,
  `topik_modul_id` bigint(20) UNSIGNED NOT NULL DEFAULT '1',
  `topik_nama` varchar(255) COLLATE utf8_unicode_ci NOT NULL,
  `topik_detail` text COLLATE utf8_unicode_ci,
  `topik_aktif` tinyint(1) NOT NULL DEFAULT '0'
) ENGINE=InnoDB DEFAULT CHARSET=utf8 COLLATE=utf8_unicode_ci;

--
-- Dumping data for table `cbt_topik`
--

INSERT INTO `cbt_topik` (`topik_id`, `topik_modul_id`, `topik_nama`, `topik_detail`, `topik_aktif`) VALUES
(7, 9, 'Soal Uji Coba', 'Kumpulan Soal untuk Uji Coba ', 1),
(8, 9, 'Testing', 'testing', 1);

-- --------------------------------------------------------

--
-- Table structure for table `cbt_user`
--

CREATE TABLE `cbt_user` (
  `user_id` bigint(20) UNSIGNED NOT NULL,
  `user_grup_id` bigint(20) UNSIGNED NOT NULL,
  `user_name` varchar(255) COLLATE utf8_unicode_ci NOT NULL,
  `user_password` varchar(255) COLLATE utf8_unicode_ci NOT NULL,
  `user_email` varchar(255) COLLATE utf8_unicode_ci DEFAULT NULL,
  `user_regdate` timestamp NOT NULL DEFAULT CURRENT_TIMESTAMP,
  `user_ip` varchar(39) COLLATE utf8_unicode_ci DEFAULT NULL,
  `user_firstname` varchar(255) COLLATE utf8_unicode_ci DEFAULT NULL,
  `user_birthdate` date DEFAULT NULL,
  `user_birthplace` varchar(255) COLLATE utf8_unicode_ci DEFAULT NULL,
  `user_level` smallint(3) UNSIGNED NOT NULL DEFAULT '1',
  `user_detail` varchar(25) COLLATE utf8_unicode_ci DEFAULT NULL
) ENGINE=InnoDB DEFAULT CHARSET=utf8 COLLATE=utf8_unicode_ci;

--
-- Dumping data for table `cbt_user`
--

INSERT INTO `cbt_user` (`user_id`, `user_grup_id`, `user_name`, `user_password`, `user_email`, `user_regdate`, `user_ip`, `user_firstname`, `user_birthdate`, `user_birthplace`, `user_level`, `user_detail`) VALUES
(1, 5, 'lutfi', 'lutfi', '', '2018-01-11 04:38:27', NULL, 'Muhammad Lutfial Hakim', NULL, NULL, 1, 'Ruang 1, Sesi 1'),
(2, 5, 'joko', 'joko', '', '2018-08-11 03:49:25', NULL, 'Joko Susanto', NULL, NULL, 1, 'Ruang 1, Sesi 2'),
(3, 9, 'dimasmf', 'dimasmf', 'dimas00758@gmail.com', '2022-11-21 02:27:02', NULL, 'Dimas Maulana Firdaus', NULL, NULL, 1, 'Ruang X TKJ'),
(4, 10, 'arr2022001', 'arr2022001', NULL, '2022-11-25 02:40:55', NULL, 'AISYA DERA ANJANI', NULL, NULL, 1, 'RUANG X MM'),
(5, 10, 'arr2022002', 'arr2022002', NULL, '2022-11-25 02:40:55', NULL, 'ANISATUL ZAHRIYA', NULL, NULL, 1, 'RUANG X MM'),
(6, 10, 'arr2022003', 'arr2022003', NULL, '2022-11-25 02:40:55', NULL, 'DELA LAUZALIA', NULL, NULL, 1, 'RUANG X MM'),
(7, 10, 'arr2022004', 'arr2022004', NULL, '2022-11-25 02:40:55', NULL, 'DEWI MASITA MAGHOFI', NULL, NULL, 1, 'RUANG X MM'),
(8, 10, 'arr2022005', 'arr2022005', NULL, '2022-11-25 02:40:55', NULL, 'DIANA NUR FAIZAH', NULL, NULL, 1, 'RUANG X MM'),
(9, 10, 'arr2022006', 'arr2022006', NULL, '2022-11-25 02:40:55', NULL, 'DONA PRATIWI', NULL, NULL, 1, 'RUANG X MM'),
(10, 10, 'arr2022007', 'arr2022007', NULL, '2022-11-25 02:40:55', NULL, 'FERA INDAH LESTARI', NULL, NULL, 1, 'RUANG X MM'),
(11, 10, 'arr2022008', 'arr2022008', NULL, '2022-11-25 02:40:55', NULL, 'GADIS ICA MEIWULAN', NULL, NULL, 1, 'RUANG X MM'),
(12, 10, 'arr2022009', 'arr2022009', NULL, '2022-11-25 02:40:55', NULL, 'JENI KURNIAWATI', NULL, NULL, 1, 'RUANG X MM'),
(13, 10, 'arr2022010', 'arr2022010', NULL, '2022-11-25 02:40:56', NULL, 'LINDA CITRA LESTARI', NULL, NULL, 1, 'RUANG X MM'),
(14, 10, 'arr2022011', 'arr2022011', NULL, '2022-11-25 02:40:56', NULL, 'MUHAMMAD ALDI AMIRUL HAKIM', NULL, NULL, 1, 'RUANG X MM'),
(15, 10, 'arr2022012', 'arr2022012', NULL, '2022-11-25 02:40:56', NULL, 'MOCHAMMAD WISNU WARDANA', NULL, NULL, 1, 'RUANG X MM'),
(16, 10, 'arr2022013', 'arr2022013', NULL, '2022-11-25 02:40:56', NULL, 'MOHAMAD AMRI FAUZAN', NULL, NULL, 1, 'RUANG X MM'),
(17, 10, 'arr2022014', 'arr2022014', NULL, '2022-11-25 02:40:56', NULL, 'MUHAMMAD  VALEN ARDIANSYAH', NULL, NULL, 1, 'RUANG X MM'),
(18, 10, 'arr2022015', 'arr2022015', NULL, '2022-11-25 02:40:56', NULL, 'NABILA CLAUDIA A.', NULL, NULL, 1, 'RUANG X MM'),
(19, 10, 'arr2022016', 'arr2022016', NULL, '2022-11-25 02:40:56', NULL, 'NABILAH TRI NUR JANNAH', NULL, NULL, 1, 'RUANG X MM'),
(20, 10, 'arr2022017', 'arr2022017', NULL, '2022-11-25 02:40:56', NULL, 'NILA LAYALIL ALIYAH', NULL, NULL, 1, 'RUANG X MM'),
(21, 10, 'arr2022018', 'arr2022018', NULL, '2022-11-25 02:40:56', NULL, 'NISRINA DWI ARUM', NULL, NULL, 1, 'RUANG X MM'),
(22, 10, 'arr2022019', 'arr2022019', NULL, '2022-11-25 02:40:56', NULL, 'NURUL KHIKMAH', NULL, NULL, 1, 'RUANG X MM'),
(23, 10, 'arr2022020', 'arr2022020', NULL, '2022-11-25 02:40:56', NULL, 'REHAN DWI RIZKI', NULL, NULL, 1, 'RUANG X MM'),
(24, 10, 'arr2022021', 'arr2022021', NULL, '2022-11-25 02:40:56', NULL, 'SHINTA AMELIA PRASETYO', NULL, NULL, 1, 'RUANG X MM'),
(25, 10, 'arr2022022', 'arr2022022', NULL, '2022-11-25 02:40:56', NULL, 'SILVY OLIVIA MAHARANI', NULL, NULL, 1, 'RUANG X MM'),
(26, 10, 'arr2022023', 'arr2022023', NULL, '2022-11-25 02:40:56', NULL, 'SINDI RAMADANI', NULL, NULL, 1, 'RUANG X MM'),
(27, 10, 'arr2022024', 'arr2022024', NULL, '2022-11-25 02:40:56', NULL, 'SITI CHIOIROTUN NABILA', NULL, NULL, 1, 'RUANG X MM'),
(28, 10, 'arr2022025', 'arr2022025', NULL, '2022-11-25 02:40:56', NULL, 'SITI MARIA ULFA', NULL, NULL, 1, 'RUANG X MM'),
(29, 10, 'arr2022026', 'arr2022026', NULL, '2022-11-25 02:40:56', NULL, 'SITI ROMLAH', NULL, NULL, 1, 'RUANG X MM'),
(30, 10, 'arr2022027', 'arr2022027', NULL, '2022-11-25 02:40:56', NULL, 'WAHYU ARUM ROBIATUL JANNAH', NULL, NULL, 1, 'RUANG X MM'),
(31, 9, 'arr2022028', 'arr2022028', NULL, '2022-11-25 02:54:21', NULL, 'ADI YAHYA SAPUTRA', NULL, NULL, 1, 'RUANG X TKJ'),
(32, 9, 'arr2022029', 'arr2022029', NULL, '2022-11-25 02:54:21', NULL, 'A\\\'IN FAIZATUN', NULL, NULL, 1, 'RUANG X TKJ'),
(33, 9, 'arr2022030', 'arr2022030', NULL, '2022-11-25 02:54:21', NULL, 'AKHMAD DIKHA AGUSTINO', NULL, NULL, 1, 'RUANG X TKJ'),
(34, 9, 'arr2022031', 'arr2022031', NULL, '2022-11-25 02:54:21', NULL, 'ANGGITA PRAMESTI OKTOBERINA RAMADHANI PUTRI', NULL, NULL, 1, 'RUANG X TKJ'),
(35, 9, 'arr2022032', 'arr2022032', NULL, '2022-11-25 02:54:22', NULL, 'ASSIFAUL SETIYANI', NULL, NULL, 1, 'RUANG X TKJ'),
(36, 9, 'arr2022033', 'arr2022033', NULL, '2022-11-25 02:54:22', NULL, 'AUDY SEPTIANA', NULL, NULL, 1, 'RUANG X TKJ'),
(37, 9, 'arr2022034', 'arr2022034', NULL, '2022-11-25 02:54:22', NULL, 'BUNGA CITRA LESTARI', NULL, NULL, 1, 'RUANG X TKJ'),
(38, 9, 'arr2022035', 'arr2022035', NULL, '2022-11-25 02:54:22', NULL, 'DEWI RATNASARI', NULL, NULL, 1, 'RUANG X TKJ'),
(39, 9, 'arr2022036', 'arr2022036', NULL, '2022-11-25 02:54:22', NULL, 'EKO SAPUTRA', NULL, NULL, 1, 'RUANG X TKJ'),
(40, 9, 'arr2022037', 'arr2022037', NULL, '2022-11-25 02:54:22', NULL, 'FELISKA FIRDAUS NUZULA', NULL, NULL, 1, 'RUANG X TKJ'),
(41, 9, 'arr2022038', 'arr2022038', NULL, '2022-11-25 02:54:22', NULL, 'LAURA FADILLA NATASYA', NULL, NULL, 1, 'RUANG X TKJ'),
(42, 9, 'arr2022039', 'arr2022039', NULL, '2022-11-25 02:54:22', NULL, 'M. ASROFI CAHYO ROMADHON', NULL, NULL, 1, 'RUANG X TKJ'),
(43, 9, 'arr2022040', 'arr2022040', NULL, '2022-11-25 02:54:22', NULL, 'M. FAJAR BAGUS SETIAWAN', NULL, NULL, 1, 'RUANG X TKJ'),
(44, 9, 'arr2022041', 'arr2022041', NULL, '2022-11-25 02:54:22', NULL, 'M. HASBI ASH SIDDIEQY ', NULL, NULL, 1, 'RUANG X TKJ'),
(45, 9, 'arr2022042', 'arr2022042', NULL, '2022-11-25 02:54:22', NULL, 'M. RISSALDI PUTRA ', NULL, NULL, 1, 'RUANG X TKJ'),
(46, 9, 'arr2022043', 'arr2022043', NULL, '2022-11-25 02:54:22', NULL, 'MAHMUD AL MAS\\\'UD', NULL, NULL, 1, 'RUANG X TKJ'),
(47, 9, 'arr2022044', 'arr2022044', NULL, '2022-11-25 02:54:22', NULL, 'MUHAMMAD ARIF', NULL, NULL, 1, 'RUANG X TKJ'),
(48, 9, 'arr2022045', 'arr2022045', NULL, '2022-11-25 02:54:22', NULL, 'MUHAMMAD BAHRUL AMIQ', NULL, NULL, 1, 'RUANG X TKJ'),
(49, 9, 'arr2022046', 'arr2022046', NULL, '2022-11-25 02:54:22', NULL, 'MUHAMMAD YUSUF WIRIYANTO', NULL, NULL, 1, 'RUANG X TKJ'),
(50, 9, 'arr2022047', 'arr2022047', NULL, '2022-11-25 02:54:22', NULL, 'NABILA FEBRIANA ASDIAN', NULL, NULL, 1, 'RUANG X TKJ'),
(51, 9, 'arr2022048', 'arr2022048', NULL, '2022-11-25 02:54:22', NULL, 'NADIVA INTAN ALYN NURAINI', NULL, NULL, 1, 'RUANG X TKJ'),
(52, 9, 'arr2022049', 'arr2022049', NULL, '2022-11-25 02:54:22', NULL, 'NANDA BRAHMA RATIH', NULL, NULL, 1, 'RUANG X TKJ'),
(53, 9, 'arr2022050', 'arr2022050', NULL, '2022-11-25 02:54:23', NULL, 'NUR KHUSNIA NAZILA', NULL, NULL, 1, 'RUANG X TKJ'),
(54, 9, 'arr2022051', 'arr2022051', NULL, '2022-11-25 02:54:23', NULL, 'PHUJI KHOTUL AMELIA', NULL, NULL, 1, 'RUANG X TKJ'),
(55, 9, 'arr2022052', 'arr2022052', NULL, '2022-11-25 02:54:23', NULL, 'RIZKY KAKA ANWAR', NULL, NULL, 1, 'RUANG X TKJ'),
(56, 9, 'arr2022053', 'arr2022053', NULL, '2022-11-25 02:54:23', NULL, 'ROSA AULIA P.', NULL, NULL, 1, 'RUANG X TKJ'),
(57, 9, 'arr2022054', 'arr2022054', NULL, '2022-11-25 02:54:23', NULL, 'SAFRIAL BAGASKARA P.', NULL, NULL, 1, 'RUANG X TKJ'),
(58, 9, 'arr2022055', 'arr2022055', NULL, '2022-11-25 02:54:23', NULL, 'SALSABILA QURROTUL AYUNI', NULL, NULL, 1, 'RUANG X TKJ'),
(59, 9, 'arr2022056', 'arr2022056', NULL, '2022-11-25 02:54:23', NULL, 'WINDI YULI ERISKA', NULL, NULL, 1, 'RUANG X TKJ'),
(60, 9, 'arr2022057', 'arr2022057', NULL, '2022-11-25 02:54:23', NULL, 'DELA LAUZALIA', NULL, NULL, 1, 'RUANG X TKJ'),
(61, 9, 'arr2022058', 'arr2022058', NULL, '2022-11-25 02:54:23', NULL, 'MUHAMMAD DEWA ARDIYANSYAH', NULL, NULL, 1, 'RUANG X TKJ'),
(62, 11, 'arr2022059', 'arr2022059', NULL, '2022-11-25 07:54:16', NULL, 'ACH. NOR HADI ROBI', NULL, NULL, 1, 'RUANG X TKR 1'),
(63, 11, 'arr2022060', 'arr2022060', NULL, '2022-11-25 07:54:16', NULL, 'ANGGA NUR TRI WANTO', NULL, NULL, 1, 'RUANG X TKR 1'),
(64, 11, 'arr2022061', 'arr2022061', NULL, '2022-11-25 07:54:16', NULL, 'BIMA APRIL EFENDI', NULL, NULL, 1, 'RUANG X TKR 1'),
(65, 11, 'arr2022062', 'arr2022062', NULL, '2022-11-25 07:54:16', NULL, 'DINUL AZANI YURI R.', NULL, NULL, 1, 'RUANG X TKR 1'),
(66, 11, 'arr2022063', 'arr2022063', NULL, '2022-11-25 07:54:16', NULL, 'HANAFI SYAPUTRA', NULL, NULL, 1, 'RUANG X TKR 1'),
(67, 11, 'arr2022064', 'arr2022064', NULL, '2022-11-25 07:54:16', NULL, 'JUAN AFRIZAL ALI', NULL, NULL, 1, 'RUANG X TKR 1'),
(68, 11, 'arr2022065', 'arr2022065', NULL, '2022-11-25 07:54:16', NULL, 'M. ALVIAN DWI RAMADHANI', NULL, NULL, 1, 'RUANG X TKR 1'),
(69, 11, 'arr2022066', 'arr2022066', NULL, '2022-11-25 07:54:16', NULL, 'M. FICRI AS SIDIQI', NULL, NULL, 1, 'RUANG X TKR 1'),
(70, 11, 'arr2022067', 'arr2022067', NULL, '2022-11-25 07:54:16', NULL, 'M. ILHAM SYAMSUDIN', NULL, NULL, 1, 'RUANG X TKR 1'),
(71, 11, 'arr2022068', 'arr2022068', NULL, '2022-11-25 07:54:17', NULL, 'M. MIQDAD UFAIR', NULL, NULL, 1, 'RUANG X TKR 1'),
(72, 11, 'arr2022069', 'arr2022069', NULL, '2022-11-25 07:54:17', NULL, 'M. NAJIB LATHOIFUL M.', NULL, NULL, 1, 'RUANG X TKR 1'),
(73, 11, 'arr2022070', 'arr2022070', NULL, '2022-11-25 07:54:17', NULL, 'M. NASRUL ALAMSYAH', NULL, NULL, 1, 'RUANG X TKR 1'),
(74, 11, 'arr2022071', 'arr2022071', NULL, '2022-11-25 07:54:17', NULL, 'M. TRYSENDY IVO ANDREANSYAH', NULL, NULL, 1, 'RUANG X TKR 1'),
(75, 11, 'arr2022072', 'arr2022072', NULL, '2022-11-25 07:54:17', NULL, 'M. ABDULLOH MUDORI', NULL, NULL, 1, 'RUANG X TKR 1'),
(76, 11, 'arr2022073', 'arr2022073', NULL, '2022-11-25 07:54:17', NULL, 'MOCHAMMAD FABIAN M.', NULL, NULL, 1, 'RUANG X TKR 1'),
(77, 11, 'arr2022074', 'arr2022074', NULL, '2022-11-25 07:54:17', NULL, 'MOHAMMAD FARID N. A.', NULL, NULL, 1, 'RUANG X TKR 1'),
(78, 11, 'arr2022075', 'arr2022075', NULL, '2022-11-25 07:54:17', NULL, 'MOHAMMAD YASVIN', NULL, NULL, 1, 'RUANG X TKR 1'),
(79, 11, 'arr2022076', 'arr2022076', NULL, '2022-11-25 07:54:17', NULL, 'MUCH. ACHIRUL RAMADHAN', NULL, NULL, 1, 'RUANG X TKR 1'),
(80, 11, 'arr2022077', 'arr2022077', NULL, '2022-11-25 07:54:17', NULL, 'MUHAMMAD DIMAS HIDAYATULLAH', NULL, NULL, 1, 'RUANG X TKR 1'),
(81, 11, 'arr2022078', 'arr2022078', NULL, '2022-11-25 07:54:17', NULL, 'MUHAMMAD RAFI AL RAMZI S.', NULL, NULL, 1, 'RUANG X TKR 1'),
(82, 11, 'arr2022079', 'arr2022079', NULL, '2022-11-25 07:54:17', NULL, 'MUHAMMAD RIKILMI', NULL, NULL, 1, 'RUANG X TKR 1'),
(83, 11, 'arr2022080', 'arr2022080', NULL, '2022-11-25 07:54:17', NULL, 'MUKHAMMAD RIZKY ANGGA', NULL, NULL, 1, 'RUANG X TKR 1'),
(84, 11, 'arr2022081', 'arr2022081', NULL, '2022-11-25 07:54:17', NULL, 'SANDY ARDIANSYAH', NULL, NULL, 1, 'RUANG X TKR 1'),
(85, 12, 'arr2022082', 'arr2022082', NULL, '2022-11-25 07:54:18', NULL, 'DARIL ANTANAH ILKHAM', NULL, NULL, 1, 'RUANG X TKR 2'),
(86, 12, 'arr2022083', 'arr2022083', NULL, '2022-11-25 07:54:18', NULL, 'GURET AGUNG PRAMONO', NULL, NULL, 1, 'RUANG X TKR 2'),
(87, 12, 'arr2022084', 'arr2022084', NULL, '2022-11-25 07:54:18', NULL, 'KELVIN MAULANA PUTRA A.', NULL, NULL, 1, 'RUANG X TKR 2'),
(88, 12, 'arr2022085', 'arr2022085', NULL, '2022-11-25 07:54:18', NULL, 'KHUSNU FIRMANSYAH', NULL, NULL, 1, 'RUANG X TKR 2'),
(89, 12, 'arr2022086', 'arr2022086', NULL, '2022-11-25 07:54:18', NULL, 'M. ATOK ILLAH', NULL, NULL, 1, 'RUANG X TKR 2'),
(90, 12, 'arr2022087', 'arr2022087', NULL, '2022-11-25 07:54:18', NULL, 'M. CHISKHIL SOMADANI', NULL, NULL, 1, 'RUANG X TKR 2'),
(91, 12, 'arr2022088', 'arr2022088', NULL, '2022-11-25 07:54:18', NULL, 'M. MUHTARUDIN FIRDAUS', NULL, NULL, 1, 'RUANG X TKR 2'),
(92, 12, 'arr2022089', 'arr2022089', NULL, '2022-11-25 07:54:18', NULL, 'M. NUR ILMY FACHRUDDY', NULL, NULL, 1, 'RUANG X TKR 2'),
(93, 12, 'arr2022090', 'arr2022090', NULL, '2022-11-25 07:54:18', NULL, 'M. RENDI ARDIANSAH', NULL, NULL, 1, 'RUANG X TKR 2'),
(94, 12, 'arr2022091', 'arr2022091', NULL, '2022-11-25 07:54:18', NULL, 'M. TEGAR MAULIDAN', NULL, NULL, 1, 'RUANG X TKR 2'),
(95, 12, 'arr2022092', 'arr2022092', NULL, '2022-11-25 07:54:18', NULL, 'MOCH. IQBAL HERMAWAN', NULL, NULL, 1, 'RUANG X TKR 2'),
(96, 12, 'arr2022093', 'arr2022093', NULL, '2022-11-25 07:54:18', NULL, 'MOCH. RIADIN PRASETYO', NULL, NULL, 1, 'RUANG X TKR 2'),
(97, 12, 'arr2022094', 'arr2022094', NULL, '2022-11-25 07:54:18', NULL, 'MOH. HARUN ARROSID', NULL, NULL, 1, 'RUANG X TKR 2'),
(98, 12, 'arr2022095', 'arr2022095', NULL, '2022-11-25 07:54:18', NULL, 'MOHAMAD ANGGA ALFIRDAUS', NULL, NULL, 1, 'RUANG X TKR 2'),
(99, 12, 'arr2022096', 'arr2022096', NULL, '2022-11-25 07:54:18', NULL, 'MOHAMMAD KHAMDAN ARIF ROHARJO', NULL, NULL, 1, 'RUANG X TKR 2'),
(100, 12, 'arr2022097', 'arr2022097', NULL, '2022-11-25 07:54:18', NULL, 'MOKHAMAD FAHMI IRWANSYAH', NULL, NULL, 1, 'RUANG X TKR 2'),
(101, 12, 'arr2022098', 'arr2022098', NULL, '2022-11-25 07:54:18', NULL, 'MUCHAMMAD RICKO FIRDAUS', NULL, NULL, 1, 'RUANG X TKR 2'),
(102, 12, 'arr2022099', 'arr2022099', NULL, '2022-11-25 07:54:18', NULL, 'MUHAMAD AZIB DANA MULYA', NULL, NULL, 1, 'RUANG X TKR 2'),
(103, 12, 'arr2022100', 'arr2022100', NULL, '2022-11-25 07:54:18', NULL, 'MUHAMMAD HAFID', NULL, NULL, 1, 'RUANG X TKR 2'),
(104, 12, 'arr2022101', 'arr2022101', NULL, '2022-11-25 07:54:18', NULL, 'MUHAMMAD KHASANUL KHULUQI', NULL, NULL, 1, 'RUANG X TKR 2'),
(105, 12, 'arr2022102', 'arr2022102', NULL, '2022-11-25 07:54:18', NULL, 'TEUKU RIZKI RAMADAN', NULL, NULL, 1, 'RUANG X TKR 2'),
(106, 12, 'arr2022103', 'arr2022103', NULL, '2022-11-25 07:54:18', NULL, 'TRI RAHMAD SUPRAYOGI', NULL, NULL, 1, 'RUANG X TKR 2');

-- --------------------------------------------------------

--
-- Table structure for table `cbt_user_grup`
--

CREATE TABLE `cbt_user_grup` (
  `grup_id` bigint(20) UNSIGNED NOT NULL,
  `grup_nama` varchar(255) COLLATE utf8_unicode_ci NOT NULL
) ENGINE=InnoDB DEFAULT CHARSET=utf8 COLLATE=utf8_unicode_ci;

--
-- Dumping data for table `cbt_user_grup`
--

INSERT INTO `cbt_user_grup` (`grup_id`, `grup_nama`) VALUES
(10, 'X MM'),
(9, 'X TKJ'),
(11, 'X TKR 1'),
(12, 'X TKR 2'),
(5, 'XI MM'),
(8, 'XI TKJ'),
(6, 'XI TKR 1'),
(7, 'XI TKR 2'),
(14, 'XII MM'),
(13, 'XII TKJ'),
(15, 'XII TKR 1'),
(16, 'XII TKR 2');

-- --------------------------------------------------------

--
-- Table structure for table `user`
--

CREATE TABLE `user` (
  `id` int(11) NOT NULL,
  `username` varchar(100) NOT NULL,
  `password` varchar(255) NOT NULL,
  `nama` varchar(150) NOT NULL,
  `opsi1` varchar(75) NOT NULL,
  `opsi2` varchar(75) NOT NULL,
  `keterangan` varchar(150) NOT NULL,
  `level` varchar(50) NOT NULL,
  `ts` timestamp NOT NULL DEFAULT CURRENT_TIMESTAMP
) ENGINE=InnoDB DEFAULT CHARSET=latin1;

--
-- Dumping data for table `user`
--

INSERT INTO `user` (`id`, `username`, `password`, `nama`, `opsi1`, `opsi2`, `keterangan`, `level`, `ts`) VALUES
(1, 'admin', 'd033e22ae348aeb5660fc2140aec35850c4da997', 'Admin Ganteng', '', '', '', 'admin', '2015-07-29 18:12:03'),
(4, 'operator', 'fe96dd39756ac41b74283a9292652d366d73931f', 'Operator', '', '', 'Operator', 'operator-soal', '2018-03-30 12:58:55'),
(5, 'joko', '97c358728f7f947c9a279ba9be88308395c7cc3a', 'Joko', '', '', 'Haloo', 'admin', '2019-12-12 02:53:12'),
(6, 'imam', '8fff655f27d1bd5cf26e653d823fc13def457000', 'imam samudra', '', '', 'operator ujian', 'operator-tes', '2022-11-26 05:15:27');

-- --------------------------------------------------------

--
-- Table structure for table `user_akses`
--

CREATE TABLE `user_akses` (
  `id` int(11) NOT NULL,
  `level` varchar(75) NOT NULL,
  `kode_menu` varchar(50) NOT NULL,
  `add` int(2) NOT NULL DEFAULT '1' COMMENT '0=false, 1=true',
  `edit` int(2) NOT NULL DEFAULT '1' COMMENT '0=false, 1=true'
) ENGINE=InnoDB DEFAULT CHARSET=latin1;

--
-- Dumping data for table `user_akses`
--

INSERT INTO `user_akses` (`id`, `level`, `kode_menu`, `add`, `edit`) VALUES
(254, 'operator-soal', 'modul-daftar', 1, 1),
(255, 'operator-soal', 'modul-filemanager', 1, 1),
(256, 'operator-soal', 'modul-import', 1, 1),
(257, 'operator-soal', 'modul-soal', 1, 1),
(258, 'operator-soal', 'modul-topik', 1, 1),
(259, 'operator-tes', 'tes-hasil-operator', 1, 1),
(260, 'operator-tes', 'tes-token', 1, 1),
(481, 'admin', 'laporan-analisis-butir-soal', 1, 1),
(482, 'admin', 'peserta-kartu', 1, 1),
(483, 'admin', 'peserta-group', 1, 1),
(484, 'admin', 'peserta-daftar', 1, 1),
(485, 'admin', 'modul-daftar', 1, 1),
(486, 'admin', 'tes-daftar', 1, 1),
(487, 'admin', 'tool-backup', 1, 1),
(488, 'admin', 'tes-evaluasi', 1, 1),
(489, 'admin', 'tool-exportimport-soal', 1, 1),
(490, 'admin', 'modul-filemanager', 1, 1),
(491, 'admin', 'tes-hasil', 1, 1),
(492, 'admin', 'peserta-import', 1, 1),
(493, 'admin', 'modul-import', 1, 1),
(494, 'admin', 'modul-import-word', 1, 1),
(496, 'admin', 'user_level', 1, 1),
(497, 'admin', 'user_menu', 1, 1),
(498, 'admin', 'user_atur', 1, 1),
(499, 'admin', 'user-zyacbt', 1, 1),
(500, 'admin', 'laporan-rekap', 1, 1),
(501, 'admin', 'modul-soal', 1, 1),
(502, 'admin', 'tes-tambah', 1, 1),
(503, 'admin', 'tes-token', 1, 1),
(504, 'admin', 'modul-topik', 1, 1);

-- --------------------------------------------------------

--
-- Table structure for table `user_level`
--

CREATE TABLE `user_level` (
  `id` int(11) NOT NULL,
  `level` varchar(50) NOT NULL,
  `keterangan` varchar(100) DEFAULT NULL
) ENGINE=InnoDB DEFAULT CHARSET=latin1;

--
-- Dumping data for table `user_level`
--

INSERT INTO `user_level` (`id`, `level`, `keterangan`) VALUES
(1, 'admin', 'Administrator'),
(7, 'operator-soal', 'Operator Soal'),
(8, 'operator-tes', 'Operator Tes');

-- --------------------------------------------------------

--
-- Table structure for table `user_log`
--

CREATE TABLE `user_log` (
  `id` int(11) NOT NULL,
  `username` varchar(100) NOT NULL,
  `log` varchar(250) NOT NULL,
  `ts` timestamp NOT NULL DEFAULT CURRENT_TIMESTAMP
) ENGINE=InnoDB DEFAULT CHARSET=latin1;

-- --------------------------------------------------------

--
-- Table structure for table `user_menu`
--

CREATE TABLE `user_menu` (
  `id` int(11) NOT NULL,
  `tipe` int(11) NOT NULL DEFAULT '1' COMMENT '0=parent, 1=child',
  `parent` varchar(50) DEFAULT NULL,
  `kode_menu` varchar(50) NOT NULL,
  `nama_menu` varchar(100) NOT NULL,
  `url` varchar(150) NOT NULL DEFAULT '#',
  `icon` varchar(75) NOT NULL DEFAULT 'fa fa-circle-o',
  `urutan` int(11) NOT NULL
) ENGINE=InnoDB DEFAULT CHARSET=latin1;

--
-- Dumping data for table `user_menu`
--

INSERT INTO `user_menu` (`id`, `tipe`, `parent`, `kode_menu`, `nama_menu`, `url`, `icon`, `urutan`) VALUES
(1, 0, '', 'user', 'Pengaturan', '#', 'fa fa-user', 20),
(3, 1, 'user', 'user_atur', 'Pengaturan User', 'manager/useratur', 'fa fa-circle-o', 5),
(4, 1, 'user', 'user_level', 'Pengaturan Level', 'manager/userlevel', 'fa fa-circle-o', 6),
(5, 1, 'user', 'user_menu', 'Pengaturan Menu', 'manager/usermenu', 'fa fa-circle-o', 7),
(6, 0, '', 'modul', 'Data Modul', '#', 'fa fa-book', 2),
(7, 1, 'modul', 'modul-daftar', 'Daftar Soal', 'manager/modul_daftar', 'fa fa-circle-o', 5),
(8, 1, 'modul', 'modul-topik', 'Topik', 'manager/modul_topik', 'fa fa-circle-o', 2),
(10, 0, '', 'peserta', 'Data Peserta', '#', 'fa fa-users', 3),
(11, 1, 'peserta', 'peserta-daftar', 'Daftar Peserta', 'manager/peserta_daftar', 'fa fa-circle-o', 2),
(12, 1, 'peserta', 'peserta-group', 'Daftar Group', 'manager/peserta_group', 'fa fa-circle-o', 1),
(13, 1, 'peserta', 'peserta-import', 'Import Data Peserta', 'manager/peserta_import', 'fa fa-circle-o', 3),
(14, 0, '', 'tes', 'Data Tes', '#', 'fa fa-tasks', 4),
(15, 1, 'tes', 'tes-tambah', 'Tambah Tes', 'manager/tes_tambah', 'fa fa-circle-o', 1),
(16, 1, 'tes', 'tes-daftar', 'Daftar Tes', 'manager/tes_daftar', 'fa fa-circle-o', 2),
(17, 1, 'tes', 'tes-hasil', 'Hasil Tes', 'manager/tes_hasil', 'fa fa-circle-o', 6),
(18, 1, 'modul', 'modul-soal', 'Soal', 'manager/modul_soal', 'fa fa-circle-o', 3),
(19, 1, 'tes', 'tes-token', 'Token', 'manager/tes_token', 'fa fa-circle-o', 8),
(22, 1, 'modul', 'modul-filemanager', 'File Manager', 'manager/modul_filemanager', 'fa fa-circle-o', 6),
(24, 1, 'modul', 'modul-import', 'Import Soal Spreadsheet', 'manager/modul_import', 'fa fa-circle-o', 4),
(25, 1, 'tes', 'tes-evaluasi', 'Evaluasi Tes', 'manager/tes_evaluasi', 'fa fa-circle-o', 5),
(28, 1, 'tes', 'tes-hasil-operator', 'Hasil Tes Operator', 'manager/tes_hasil_operator', 'fa fa-circle-o', 10),
(30, 0, '', 'tool', 'Tool', '#', 'fa fa-wrench', 6),
(31, 1, 'tool', 'tool-backup', 'Database', 'manager/tool_backup', 'fa fa-database', 1),
(32, 1, 'tes-laporan', 'laporan-rekap', 'Rekap Hasil Tes', 'manager/laporan_rekap_hasil', 'fa fa-circle-o', 7),
(33, 1, 'tool', 'tool-exportimport-soal', 'Export / Import Soal', 'manager/tool_exportimport_soal', 'fa fa-circle-o', 2),
(34, 1, 'user', 'user-zyacbt', 'Pengaturan CBT', 'manager/pengaturan_zyacbt', 'fa fa-circle-o', 1),
(37, 1, 'peserta', 'peserta-kartu', 'Cetak Kartu', 'manager/peserta_kartu', 'fa fa-circle-o', 5),
(38, 0, '', 'tes-laporan', 'Laporan', '#', 'fa fa-print', 5),
(41, 1, 'tes-laporan', 'laporan-analisis-butir-soal', 'Analisis Butir Soal', 'manager/laporan_analisis_butir_soal', 'fa fa-circle-o', 1),
(42, 1, 'tes-laporan', 'laporan-analisis-soal', 'Analisis Soal', 'manager/laporan_analisis_soal', 'fa fa-circle-o', 2),
(43, 1, 'modul', 'modul-import-word', 'Import Soal Word', 'manager/modul_import_word', 'fa fa-circle-o', 4);

--
-- Indexes for dumped tables
--

--
-- Indexes for table `cbt_jawaban`
--
ALTER TABLE `cbt_jawaban`
  ADD PRIMARY KEY (`jawaban_id`),
  ADD KEY `p_answer_question_id` (`jawaban_soal_id`);

--
-- Indexes for table `cbt_konfigurasi`
--
ALTER TABLE `cbt_konfigurasi`
  ADD PRIMARY KEY (`konfigurasi_id`),
  ADD UNIQUE KEY `konfigurasi_kode` (`konfigurasi_kode`);

--
-- Indexes for table `cbt_modul`
--
ALTER TABLE `cbt_modul`
  ADD PRIMARY KEY (`modul_id`),
  ADD UNIQUE KEY `ak_module_name` (`modul_nama`);

--
-- Indexes for table `cbt_sessions`
--
ALTER TABLE `cbt_sessions`
  ADD PRIMARY KEY (`id`),
  ADD KEY `ci_sessions_timestamp` (`timestamp`);

--
-- Indexes for table `cbt_soal`
--
ALTER TABLE `cbt_soal`
  ADD PRIMARY KEY (`soal_id`),
  ADD KEY `p_question_subject_id` (`soal_topik_id`);

--
-- Indexes for table `cbt_tes`
--
ALTER TABLE `cbt_tes`
  ADD PRIMARY KEY (`tes_id`),
  ADD UNIQUE KEY `ak_test_name` (`tes_nama`);

--
-- Indexes for table `cbt_tesgrup`
--
ALTER TABLE `cbt_tesgrup`
  ADD PRIMARY KEY (`tstgrp_tes_id`,`tstgrp_grup_id`),
  ADD KEY `p_tstgrp_test_id` (`tstgrp_tes_id`),
  ADD KEY `p_tstgrp_group_id` (`tstgrp_grup_id`);

--
-- Indexes for table `cbt_tes_soal`
--
ALTER TABLE `cbt_tes_soal`
  ADD PRIMARY KEY (`tessoal_id`),
  ADD UNIQUE KEY `ak_testuser_question` (`tessoal_tesuser_id`,`tessoal_soal_id`),
  ADD KEY `p_testlog_question_id` (`tessoal_soal_id`),
  ADD KEY `p_testlog_testuser_id` (`tessoal_tesuser_id`);

--
-- Indexes for table `cbt_tes_soal_jawaban`
--
ALTER TABLE `cbt_tes_soal_jawaban`
  ADD PRIMARY KEY (`soaljawaban_tessoal_id`,`soaljawaban_jawaban_id`),
  ADD KEY `p_logansw_answer_id` (`soaljawaban_jawaban_id`),
  ADD KEY `p_logansw_testlog_id` (`soaljawaban_tessoal_id`);

--
-- Indexes for table `cbt_tes_token`
--
ALTER TABLE `cbt_tes_token`
  ADD PRIMARY KEY (`token_id`),
  ADD KEY `token_user_id` (`token_user_id`);

--
-- Indexes for table `cbt_tes_topik_set`
--
ALTER TABLE `cbt_tes_topik_set`
  ADD PRIMARY KEY (`tset_id`),
  ADD KEY `p_tsubset_test_id` (`tset_tes_id`),
  ADD KEY `tsubset_subject_id` (`tset_topik_id`);

--
-- Indexes for table `cbt_tes_user`
--
ALTER TABLE `cbt_tes_user`
  ADD PRIMARY KEY (`tesuser_id`),
  ADD UNIQUE KEY `ak_testuser` (`tesuser_tes_id`,`tesuser_user_id`,`tesuser_status`),
  ADD KEY `p_testuser_user_id` (`tesuser_user_id`),
  ADD KEY `p_testuser_test_id` (`tesuser_tes_id`);

--
-- Indexes for table `cbt_topik`
--
ALTER TABLE `cbt_topik`
  ADD PRIMARY KEY (`topik_id`),
  ADD UNIQUE KEY `ak_subject_name` (`topik_modul_id`,`topik_nama`);

--
-- Indexes for table `cbt_user`
--
ALTER TABLE `cbt_user`
  ADD PRIMARY KEY (`user_id`),
  ADD UNIQUE KEY `ak_user_name` (`user_name`),
  ADD KEY `user_groups_id` (`user_grup_id`),
  ADD KEY `user_detail` (`user_detail`);

--
-- Indexes for table `cbt_user_grup`
--
ALTER TABLE `cbt_user_grup`
  ADD PRIMARY KEY (`grup_id`),
  ADD UNIQUE KEY `group_name` (`grup_nama`);

--
-- Indexes for table `user`
--
ALTER TABLE `user`
  ADD PRIMARY KEY (`id`),
  ADD UNIQUE KEY `username` (`username`),
  ADD KEY `level` (`level`);

--
-- Indexes for table `user_akses`
--
ALTER TABLE `user_akses`
  ADD PRIMARY KEY (`id`),
  ADD KEY `akses_kode_menu` (`kode_menu`),
  ADD KEY `akses_level` (`level`);

--
-- Indexes for table `user_level`
--
ALTER TABLE `user_level`
  ADD PRIMARY KEY (`id`),
  ADD UNIQUE KEY `level` (`level`);

--
-- Indexes for table `user_log`
--
ALTER TABLE `user_log`
  ADD PRIMARY KEY (`id`);

--
-- Indexes for table `user_menu`
--
ALTER TABLE `user_menu`
  ADD PRIMARY KEY (`id`),
  ADD UNIQUE KEY `kode_menu` (`kode_menu`);

--
-- AUTO_INCREMENT for dumped tables
--

--
-- AUTO_INCREMENT for table `cbt_jawaban`
--
ALTER TABLE `cbt_jawaban`
  MODIFY `jawaban_id` bigint(20) UNSIGNED NOT NULL AUTO_INCREMENT, AUTO_INCREMENT=626;
--
-- AUTO_INCREMENT for table `cbt_konfigurasi`
--
ALTER TABLE `cbt_konfigurasi`
  MODIFY `konfigurasi_id` int(11) NOT NULL AUTO_INCREMENT, AUTO_INCREMENT=6;
--
-- AUTO_INCREMENT for table `cbt_modul`
--
ALTER TABLE `cbt_modul`
  MODIFY `modul_id` bigint(20) UNSIGNED NOT NULL AUTO_INCREMENT, AUTO_INCREMENT=10;
--
-- AUTO_INCREMENT for table `cbt_soal`
--
ALTER TABLE `cbt_soal`
  MODIFY `soal_id` bigint(20) UNSIGNED NOT NULL AUTO_INCREMENT, AUTO_INCREMENT=215;
--
-- AUTO_INCREMENT for table `cbt_tes`
--
ALTER TABLE `cbt_tes`
  MODIFY `tes_id` bigint(20) UNSIGNED NOT NULL AUTO_INCREMENT, AUTO_INCREMENT=7;
--
-- AUTO_INCREMENT for table `cbt_tes_soal`
--
ALTER TABLE `cbt_tes_soal`
  MODIFY `tessoal_id` bigint(20) UNSIGNED NOT NULL AUTO_INCREMENT, AUTO_INCREMENT=55;
--
-- AUTO_INCREMENT for table `cbt_tes_token`
--
ALTER TABLE `cbt_tes_token`
  MODIFY `token_id` int(11) NOT NULL AUTO_INCREMENT, AUTO_INCREMENT=13;
--
-- AUTO_INCREMENT for table `cbt_tes_topik_set`
--
ALTER TABLE `cbt_tes_topik_set`
  MODIFY `tset_id` bigint(20) UNSIGNED NOT NULL AUTO_INCREMENT, AUTO_INCREMENT=7;
--
-- AUTO_INCREMENT for table `cbt_tes_user`
--
ALTER TABLE `cbt_tes_user`
  MODIFY `tesuser_id` bigint(20) UNSIGNED NOT NULL AUTO_INCREMENT, AUTO_INCREMENT=8;
--
-- AUTO_INCREMENT for table `cbt_topik`
--
ALTER TABLE `cbt_topik`
  MODIFY `topik_id` bigint(20) UNSIGNED NOT NULL AUTO_INCREMENT, AUTO_INCREMENT=9;
--
-- AUTO_INCREMENT for table `cbt_user`
--
ALTER TABLE `cbt_user`
  MODIFY `user_id` bigint(20) UNSIGNED NOT NULL AUTO_INCREMENT, AUTO_INCREMENT=107;
--
-- AUTO_INCREMENT for table `cbt_user_grup`
--
ALTER TABLE `cbt_user_grup`
  MODIFY `grup_id` bigint(20) UNSIGNED NOT NULL AUTO_INCREMENT, AUTO_INCREMENT=17;
--
-- AUTO_INCREMENT for table `user`
--
ALTER TABLE `user`
  MODIFY `id` int(11) NOT NULL AUTO_INCREMENT, AUTO_INCREMENT=7;
--
-- AUTO_INCREMENT for table `user_akses`
--
ALTER TABLE `user_akses`
  MODIFY `id` int(11) NOT NULL AUTO_INCREMENT, AUTO_INCREMENT=505;
--
-- AUTO_INCREMENT for table `user_level`
--
ALTER TABLE `user_level`
  MODIFY `id` int(11) NOT NULL AUTO_INCREMENT, AUTO_INCREMENT=9;
--
-- AUTO_INCREMENT for table `user_log`
--
ALTER TABLE `user_log`
  MODIFY `id` int(11) NOT NULL AUTO_INCREMENT;
--
-- AUTO_INCREMENT for table `user_menu`
--
ALTER TABLE `user_menu`
  MODIFY `id` int(11) NOT NULL AUTO_INCREMENT, AUTO_INCREMENT=44;
--
-- Constraints for dumped tables
--

--
-- Constraints for table `cbt_jawaban`
--
ALTER TABLE `cbt_jawaban`
  ADD CONSTRAINT `cbt_jawaban_ibfk_1` FOREIGN KEY (`jawaban_soal_id`) REFERENCES `cbt_soal` (`soal_id`) ON DELETE CASCADE ON UPDATE NO ACTION;

--
-- Constraints for table `cbt_soal`
--
ALTER TABLE `cbt_soal`
  ADD CONSTRAINT `cbt_soal_ibfk_1` FOREIGN KEY (`soal_topik_id`) REFERENCES `cbt_topik` (`topik_id`) ON DELETE CASCADE ON UPDATE NO ACTION;

--
-- Constraints for table `cbt_tesgrup`
--
ALTER TABLE `cbt_tesgrup`
  ADD CONSTRAINT `cbt_tesgrup_ibfk_1` FOREIGN KEY (`tstgrp_tes_id`) REFERENCES `cbt_tes` (`tes_id`) ON DELETE CASCADE ON UPDATE NO ACTION,
  ADD CONSTRAINT `cbt_tesgrup_ibfk_2` FOREIGN KEY (`tstgrp_grup_id`) REFERENCES `cbt_user_grup` (`grup_id`) ON DELETE CASCADE ON UPDATE NO ACTION;

--
-- Constraints for table `cbt_tes_soal`
--
ALTER TABLE `cbt_tes_soal`
  ADD CONSTRAINT `cbt_tes_soal_ibfk_1` FOREIGN KEY (`tessoal_tesuser_id`) REFERENCES `cbt_tes_user` (`tesuser_id`) ON DELETE CASCADE ON UPDATE NO ACTION,
  ADD CONSTRAINT `cbt_tes_soal_ibfk_2` FOREIGN KEY (`tessoal_soal_id`) REFERENCES `cbt_soal` (`soal_id`) ON UPDATE NO ACTION;

--
-- Constraints for table `cbt_tes_soal_jawaban`
--
ALTER TABLE `cbt_tes_soal_jawaban`
  ADD CONSTRAINT `cbt_tes_soal_jawaban_ibfk_1` FOREIGN KEY (`soaljawaban_tessoal_id`) REFERENCES `cbt_tes_soal` (`tessoal_id`) ON DELETE CASCADE ON UPDATE NO ACTION,
  ADD CONSTRAINT `cbt_tes_soal_jawaban_ibfk_2` FOREIGN KEY (`soaljawaban_jawaban_id`) REFERENCES `cbt_jawaban` (`jawaban_id`) ON UPDATE NO ACTION;

--
-- Constraints for table `cbt_tes_token`
--
ALTER TABLE `cbt_tes_token`
  ADD CONSTRAINT `cbt_tes_token_ibfk_1` FOREIGN KEY (`token_user_id`) REFERENCES `user` (`id`) ON DELETE CASCADE ON UPDATE CASCADE;

--
-- Constraints for table `cbt_tes_topik_set`
--
ALTER TABLE `cbt_tes_topik_set`
  ADD CONSTRAINT `cbt_tes_topik_set_ibfk_1` FOREIGN KEY (`tset_tes_id`) REFERENCES `cbt_tes` (`tes_id`) ON DELETE CASCADE ON UPDATE NO ACTION,
  ADD CONSTRAINT `cbt_tes_topik_set_ibfk_2` FOREIGN KEY (`tset_topik_id`) REFERENCES `cbt_topik` (`topik_id`) ON UPDATE NO ACTION;

--
-- Constraints for table `cbt_tes_user`
--
ALTER TABLE `cbt_tes_user`
  ADD CONSTRAINT `cbt_tes_user_ibfk_1` FOREIGN KEY (`tesuser_tes_id`) REFERENCES `cbt_tes` (`tes_id`) ON DELETE CASCADE,
  ADD CONSTRAINT `cbt_tes_user_ibfk_2` FOREIGN KEY (`tesuser_user_id`) REFERENCES `cbt_user` (`user_id`) ON DELETE CASCADE ON UPDATE NO ACTION;

--
-- Constraints for table `cbt_topik`
--
ALTER TABLE `cbt_topik`
  ADD CONSTRAINT `cbt_topik_ibfk_1` FOREIGN KEY (`topik_modul_id`) REFERENCES `cbt_modul` (`modul_id`) ON DELETE CASCADE ON UPDATE NO ACTION;

--
-- Constraints for table `cbt_user`
--
ALTER TABLE `cbt_user`
  ADD CONSTRAINT `cbt_user_ibfk_1` FOREIGN KEY (`user_grup_id`) REFERENCES `cbt_user_grup` (`grup_id`) ON DELETE CASCADE ON UPDATE NO ACTION;

--
-- Constraints for table `user`
--
ALTER TABLE `user`
  ADD CONSTRAINT `user_ibfk_1` FOREIGN KEY (`level`) REFERENCES `user_level` (`level`) ON DELETE CASCADE ON UPDATE CASCADE;

--
-- Constraints for table `user_akses`
--
ALTER TABLE `user_akses`
  ADD CONSTRAINT `user_akses_ibfk_2` FOREIGN KEY (`kode_menu`) REFERENCES `user_menu` (`kode_menu`) ON DELETE CASCADE ON UPDATE CASCADE,
  ADD CONSTRAINT `user_akses_ibfk_3` FOREIGN KEY (`level`) REFERENCES `user_level` (`level`) ON DELETE CASCADE ON UPDATE CASCADE;
COMMIT;

/*!40101 SET CHARACTER_SET_CLIENT=@OLD_CHARACTER_SET_CLIENT */;
/*!40101 SET CHARACTER_SET_RESULTS=@OLD_CHARACTER_SET_RESULTS */;
/*!40101 SET COLLATION_CONNECTION=@OLD_COLLATION_CONNECTION */;
